{"hideTitlebar":true,"windowHeight":378,"components":[{"type":0,"properties":{"showInfoButton":true,"isHidden":false,"afterSpacing":5}},{"type":1,"properties":{"hideVScroll":true,"hideHScroll":true,"hideTitleColumn":false,"hideIconColumn":false,"isHidden":false,"afterSpacing":7,"showHeader":true,"columnWidths":["32.0","80.0","100.0","100.0"]}},{"type":2,"properties":{"afterSpacing":5,"isHidden":false,"showLabel":true}},{"type":3,"properties":{"afterSpacing":5,"isHidden":false,"showAttemptsLabel":true,"showAttempts":true}},{"type":4,"properties":{"isHidden":false,"afterSpacing":5}},{"type":5,"properties":{"afterSpacing":5,"isHidden":false}},{"type":6,"properties":{"isHidden":true,"afterSpacing":5}},{"type":7,"properties":{"afterSpacing":5,"isHidden":true}},{"type":8,"properties":{"isHidden":true,"afterSpacing":5}},{"type":9,"properties":{"isHidden":true,"afterSpacing":5}},{"type":10,"properties":{"afterSpacing":5,"isHidden":true}}],"keepOnTop":false,"hideButtons":false,"selectColor":{"alpha":1,"red":0.3568627450980392,"green":0.2901960784313726,"blue":0.7098039215686275},"windowWidth":273,"hideTitle":true}