{"hideTitle":true,"selectColor":{"green":0.2901960784313726,"blue":0.7098039215686275,"red":0.3568627450980392,"alpha":1},"hideButtons":false,"hideTitlebar":true,"components":[{"type":0,"properties":{"showInfoButton":true,"isHidden":false,"afterSpacing":5}},{"type":1,"properties":{"hideIconColumn":false,"columnWidths":["32.0","80.0","100.0","100.0"],"isHidden":false,"hideHScroll":true,"hideVScroll":true,"showHeader":true,"hideTitleColumn":false,"afterSpacing":7}},{"type":2,"properties":{"showLabel":true,"isHidden":false,"afterSpacing":5}},{"type":3,"properties":{"showAttemptsLabel":true,"showAttempts":true,"isHidden":false,"afterSpacing":5}},{"type":4,"properties":{"afterSpacing":5,"isHidden":false}},{"properties":{"isHidden":false,"afterSpacing":5},"type":5},{"properties":{"afterSpacing":5,"isHidden":true},"type":6},{"properties":{"isHidden":true,"afterSpacing":5},"type":7},{"properties":{"afterSpacing":5,"isHidden":true},"type":8},{"properties":{"isHidden":true,"afterSpacing":5},"type":9},{"properties":{"afterSpacing":5,"isHidden":true},"type":10}],"keepOnTop":false,"windowHeight":378,"windowWidth":273}